[{"id":1,"userName":"John","userPass":"Doe"},{"id":3,"userName":"John Jr","userPass":"Doe"},{"id":2,"userName":"Tes","userPass":"ADMIN","roles":["SITE_ADMIN"]},{"id":4,"userName":"Ivan","userPass":"1234"},{"id":5,"userName":"Kate Smith","userPass":"qwerty"},{"id":6,"userName":"Kate Some","userPass":"qwerty111"},{"id":7,"userName":"John Some","userPass":"q5555"},{"id":8,"userName":"Some","userPass":"77775555"},{"id":9,"userName":"Jack","userPass":"75"},{"id":10,"userName":"Sasha","userPass":"123455"},{"id":11,"userName":"Sania","userPass":"55555"}]